{"cameraMode":{"drawMode":0,"name":"Shaded","section":"Shading Mode"},"sceneLighting":true,"audioPlay":false,"sceneViewState":{"showFog":false,"showMaterialUpdate":false,"showSkybox":false,"showFlares":false,"showImageEffects":false,"showParticleSystems":false},"in2DMode":false,"pivot":{"x":11.441298484802246,"y":4.230180740356445,"z":-3.8865156173706056},"rotation":{"x":0.3645419776439667,"y":0.05442426726222038,"z":-0.02134687267243862,"w":0.9293541312217712},"size":99.21603393554688,"orthographic":false}