{"cameraMode":{"drawMode":0,"name":"Shaded","section":"Shading Mode"},"sceneLighting":true,"audioPlay":false,"sceneViewState":{"showFog":false,"showMaterialUpdate":false,"showSkybox":false,"showFlares":false,"showImageEffects":false,"showParticleSystems":false},"in2DMode":false,"pivot":{"x":546.6837158203125,"y":-153.87786865234376,"z":2.9953160285949709},"rotation":{"x":0.10453100502490998,"y":0.6948649287223816,"z":-0.10304960608482361,"w":0.704060971736908},"size":589.6722412109375,"orthographic":false}