{"cameraMode":{"drawMode":0,"name":"Shaded","section":"Shading Mode"},"sceneLighting":false,"audioPlay":false,"sceneViewState":{"showFog":false,"showMaterialUpdate":false,"showSkybox":false,"showFlares":false,"showImageEffects":false,"showParticleSystems":false},"in2DMode":false,"pivot":{"x":-0.035990700125694278,"y":-0.05071656405925751,"z":0.00015965662896633148},"rotation":{"x":0.3659355938434601,"y":0.05439218506217003,"z":-0.021428486332297326,"w":0.9288062453269959},"size":0.8347896933555603,"orthographic":false}