{"cameraMode":{"drawMode":0,"name":"Shaded","section":"Shading Mode"},"sceneLighting":true,"audioPlay":false,"sceneViewState":{"showFog":false,"showMaterialUpdate":false,"showSkybox":false,"showFlares":false,"showImageEffects":false,"showParticleSystems":false},"in2DMode":false,"pivot":{"x":-1.2790818214416505,"y":-0.07059425115585327,"z":-0.01142088882625103},"rotation":{"x":0.3239760398864746,"y":0.6661099195480347,"z":-0.39956507086753847,"w":0.5400917530059815},"size":1.0786552429199219,"orthographic":false}