{"cameraMode":{"drawMode":0,"name":"Shaded","section":"Shading Mode"},"sceneLighting":true,"audioPlay":false,"sceneViewState":{"showFog":false,"showMaterialUpdate":false,"showSkybox":false,"showFlares":false,"showImageEffects":false,"showParticleSystems":false},"in2DMode":false,"pivot":{"x":13.844225883483887,"y":2.741781711578369,"z":0.9028210639953613},"rotation":{"x":-0.017337629571557046,"y":-0.3248610496520996,"z":0.005891275126487017,"w":-0.9456332325935364},"size":10.848420143127442,"orthographic":false}