{"cameraMode":{"drawMode":0,"name":"Shaded","section":"Shading Mode"},"sceneLighting":true,"audioPlay":false,"sceneViewState":{"showFog":false,"showMaterialUpdate":false,"showSkybox":false,"showFlares":false,"showImageEffects":false,"showParticleSystems":false},"in2DMode":false,"pivot":{"x":21.91948699951172,"y":1.1063644886016846,"z":22.809358596801759},"rotation":{"x":0.00013116611808072776,"y":-0.999622106552124,"z":0.004808381665498018,"w":0.027286693453788759},"size":1.0912697315216065,"orthographic":false}