{"cameraMode":{"drawMode":0,"name":"Shaded","section":"Shading Mode"},"sceneLighting":false,"audioPlay":false,"sceneViewState":{"showFog":false,"showMaterialUpdate":false,"showSkybox":false,"showFlares":false,"showImageEffects":false,"showParticleSystems":false},"in2DMode":false,"pivot":{"x":0.34363794326782229,"y":0.8534561395645142,"z":0.07166731357574463},"rotation":{"x":0.01152848545461893,"y":0.9435641169548035,"z":-0.03284163773059845,"w":0.32951030135154726},"size":7.224783897399902,"orthographic":false}