{"cameraMode":{"drawMode":0,"name":"Shaded","section":"Shading Mode"},"sceneLighting":false,"audioPlay":false,"sceneViewState":{"showFog":false,"showMaterialUpdate":false,"showSkybox":false,"showFlares":false,"showImageEffects":false,"showParticleSystems":false},"in2DMode":false,"pivot":{"x":2.679417610168457,"y":0.8119529485702515,"z":2.554051399230957},"rotation":{"x":0.053916264325380328,"y":0.8923616409301758,"z":-0.11055827140808106,"w":0.4343353509902954},"size":1.9385895729064942,"orthographic":false}