{"cameraMode":{"drawMode":0,"name":"Shaded","section":"Shading Mode"},"sceneLighting":false,"audioPlay":false,"sceneViewState":{"showFog":false,"showMaterialUpdate":false,"showSkybox":false,"showFlares":false,"showImageEffects":false,"showParticleSystems":false},"in2DMode":false,"pivot":{"x":0.37701326608657839,"y":0.3926621079444885,"z":-0.22714948654174806},"rotation":{"x":0.09588519483804703,"y":0.3028813600540161,"z":-0.030587973073124887,"w":0.9477518200874329},"size":3.438589334487915,"orthographic":false}