{"cameraMode":{"drawMode":0,"name":"Shaded","section":"Shading Mode"},"sceneLighting":false,"audioPlay":false,"sceneViewState":{"showFog":false,"showMaterialUpdate":false,"showSkybox":false,"showFlares":false,"showImageEffects":false,"showParticleSystems":false},"in2DMode":false,"pivot":{"x":-0.7458410263061523,"y":-1.5188121795654297,"z":3.3036296367645265},"rotation":{"x":0.26144900918006899,"y":-0.43131786584854128,"z":0.13215301930904389,"w":0.8533188104629517},"size":8.34502124786377,"orthographic":false}