{"cameraMode":{"drawMode":0,"name":"Shaded","section":"Shading Mode"},"sceneLighting":true,"audioPlay":false,"sceneViewState":{"showFog":false,"showMaterialUpdate":false,"showSkybox":false,"showFlares":false,"showImageEffects":false,"showParticleSystems":false},"in2DMode":false,"pivot":{"x":-0.05943864583969116,"y":-0.0837584137916565,"z":0.0002636723220348358},"rotation":{"x":0.3553679585456848,"y":0.004201184958219528,"z":-0.0015960403252393008,"w":0.9347196817398071},"size":0.47865498065948489,"orthographic":false}