{"cameraMode":{"drawMode":0,"name":"Shaded","section":"Shading Mode"},"sceneLighting":false,"audioPlay":false,"sceneViewState":{"showFog":false,"showMaterialUpdate":false,"showSkybox":false,"showFlares":false,"showImageEffects":false,"showParticleSystems":false},"in2DMode":false,"pivot":{"x":0.8812111616134644,"y":0.7781894207000732,"z":1.8700432777404786},"rotation":{"x":-0.011176529340445996,"y":0.9876793026924133,"z":-0.1314571648836136,"w":-0.08468173444271088},"size":1.9385895729064942,"orthographic":false}