{"cameraMode":{"drawMode":0,"name":"Shaded","section":"Shading Mode"},"sceneLighting":true,"audioPlay":false,"sceneViewState":{"showFog":false,"showMaterialUpdate":false,"showSkybox":false,"showFlares":false,"showImageEffects":false,"showParticleSystems":false},"in2DMode":false,"pivot":{"x":-17.060012817382814,"y":6.833585739135742,"z":-1.8453717231750489},"rotation":{"x":0.28477907180786135,"y":0.43659794330596926,"z":0.14793449640274049,"w":-0.8404781818389893},"size":9.738593101501465,"orthographic":false}