{"cameraMode":{"drawMode":0,"name":"Shaded","section":"Shading Mode"},"sceneLighting":true,"audioPlay":false,"sceneViewState":{"showFog":false,"showMaterialUpdate":false,"showSkybox":false,"showFlares":false,"showImageEffects":false,"showParticleSystems":false},"in2DMode":false,"pivot":{"x":12.607941627502442,"y":-2.2091169357299806,"z":-3.4776899814605715},"rotation":{"x":-0.18571586906909944,"y":0.5567401051521301,"z":-0.1293705403804779,"w":-0.7992710471153259},"size":12.722880363464356,"orthographic":false}