{"cameraMode":{"drawMode":0,"name":"Shaded","section":"Shading Mode"},"sceneLighting":true,"audioPlay":false,"sceneViewState":{"showFog":false,"showMaterialUpdate":false,"showSkybox":false,"showFlares":false,"showImageEffects":false,"showParticleSystems":false},"in2DMode":false,"pivot":{"x":22.579999923706056,"y":0.6399999856948853,"z":-7.329999923706055},"rotation":{"x":-0.04882947355508804,"y":-0.38051509857177737,"z":0.02005951851606369,"w":-0.9233168959617615},"size":1.6385900974273682,"orthographic":false}